Date,Category,Net worth,Assets,Real estate,Consumer durables,Corporate equities and mutual fund shares,Pension entitlements,Private businesses,Other assets,Liabilities,Home mortgages,Consumer credit,Other liabilities
1989:Q3,Top1,4805988,4925642,593818,358552,880037,401038,1327343,1364854,119654,71750,24726,23178
1989:Q3,Next9,7608851,8108393,2074339,420178,805687,1829400,1014376,1964413,499542,394927,56898,47717
1989:Q3,Next40,7237838,8808547,3405115,757557,341989,2053904,581912,1668070,1570710,1158431,362533,49746
1989:Q3,Bottom50,755900,1716429,817671,360062,24036,201432,45996,267233,960530,585582,340050,34898
1989:Q4,Top1,4916785,5039570,636289,360681,903569,420400,1326026,1392605,122785,73947,22945,25893
1989:Q4,Next9,7742918,8255281,2103795,419556,823497,1867008,1041482,1999943,512363,405409,60118,46836
1989:Q4,Next40,7400123,8998219,3453608,774622,360965,2122460,579779,1706785,1598096,1178992,369196,49908
1989:Q4,Bottom50,732018,1723854,800625,370916,25520,204253,49544,272996,991836,601767,357027,33042
1990:Q1,Top1,4901643,5029342,652710,352391,840733,425391,1347038,1411079,127699,77206,22938,27555
1990:Q1,Next9,7744421,8280713,2096312,432846,776953,1905476,1046422,2022703,536291,426817,60089,49385
1990:Q1,Next40,7477241,9089343,3461651,797977,351491,2159764,583677,1734784,1612102,1206056,355239,50807
1990:Q1,Bottom50,767747,1779574,838189,383915,25488,202568,50489,278925,1011827,624832,354054,32941
1990:Q2,Top1,5012063,5143096,688936,353979,879944,442405,1360989,1416844,131034,80095,21689,29250
1990:Q2,Next9,7821295,8379350,2112535,431488,797557,1951733,1049568,2036469,558055,446749,61903,49403
1990:Q2,Next40,7570538,9201991,3486328,813078,359503,2198942,586513,1757627,1631453,1227283,353331,50839
1990:Q2,Bottom50,748193,1782836,817968,393966,27550,206752,51985,284615,1034643,641284,361789,31570
1990:Q3,Top1,4872500,5006808,700822,340514,701937,435840,1371427,1456267,134308,82458,20302,31548
1990:Q3,Next9,7773391,8341935,2100127,444429,669443,1995318,1063769,2068849,568544,459618,64275,44651
1990:Q3,Next40,7578201,9230229,3488196,830399,319568,2221997,583429,1786641,1652028,1247575,354412,50041
1990:Q3,Bottom50,779966,1838140,868805,400904,25187,198307,53111,291825,1058174,657087,373313,27774
1990:Q4,Top1,5048418,5185655,718259,332526,797057,453470,1380683,1503660,137238,84221,19295,33722
1990:Q4,Next9,7908159,8485260,2075881,453267,741271,2017881,1083171,2113789,577101,463527,66487,47087
1990:Q4,Next40,7728703,9401308,3489136,844403,363620,2295308,577478,1831363,1672604,1267900,354029,50675
1990:Q4,Bottom50,780789,1866379,877177,408924,28149,203400,53334,295395,1085590,673607,384580,27403
1991:Q1,Top1,5232974,5374826,739700,331752,936144,484656,1373557,1509017,141853,85983,19712,36158
1991:Q1,Next9,8046656,8628780,2087222,455256,846032,2016300,1095667,2128304,582124,468366,65955,47803
1991:Q1,Next40,7892658,9568351,3472206,860444,425668,2381487,570397,1858149,1675693,1286562,337483,51648
1991:Q1,Bottom50,808924,1902577,886992,420377,31844,213615,53663,296086,1093653,688241,379056,26356
1991:Q2,Top1,5240535,5385629,757990,324141,927157,514538,1364484,1497319,145094,88868,18827,37399
1991:Q2,Next9,8035282,8637522,2088068,460082,835456,2038190,1099226,2116500,602240,487724,67192,47324
1991:Q2,Next40,7925010,9616404,3464471,872877,427687,2424002,568237,1859129,1691394,1308244,331901,51249
1991:Q2,Bottom50,830697,1943908,911421,426606,33028,217502,55842,299508,1113211,705277,383386,24548
1991:Q3,Top1,5351263,5496779,773970,309811,1003188,552873,1368122,1488815,145515,90924,17014,37577
1991:Q3,Next9,8046654,8675994,2069248,474346,885200,2053150,1076059,2117991,629340,506428,68802,54110
1991:Q3,Next40,8055098,9749111,3478333,886207,456151,2483352,571649,1873419,1694013,1313378,328728,51907
1991:Q3,Bottom50,884434,2002243,950212,433079,35861,225417,55253,302421,1117809,703238,387956,26615
1991:Q4,Top1,5603725,5750778,792159,301895,1211342,576387,1364896,1504099,147053,93766,15083,38204
1991:Q4,Next9,8206283,8867624,2086207,479731,1028964,2074377,1057174,2141171,661341,528490,71321,61530
1991:Q4,Next40,8202416,9916186,3470726,896648,528651,2564908,572887,1882366,1713770,1330495,330216,53059
1991:Q4,Bottom50,919073,2061626,991455,439114,40970,232166,54493,303427,1142553,714605,398960,28988
1992:Q1,Top1,5573504,5724550,830727,297358,1175777,566698,1364784,1489206,151046,96768,13788,40490
1992:Q1,Next9,8200858,8891896,2107668,478777,1003737,2143634,1059264,2098816,691037,560613,71208,59216
1992:Q1,Next40,8281454,9988244,3504559,909790,530773,2617176,565952,1859994,1706790,1337296,316545,52949
1992:Q1,Bottom50,930179,2061772,988428,446170,41673,227504,54061,303937,1131593,713044,391812,26737
1992:Q2,Top1,5579671,5732144,863858,290886,1177433,575314,1359544,1465108,152473,99276,11668,41529
1992:Q2,Next9,8213008,8935162,2104886,481806,998641,2212651,1056617,2080561,722154,585492,72856,63806
1992:Q2,Next40,8374401,10084281,3528199,925180,535233,2672643,562429,1860597,1709881,1343975,312301,53605
1992:Q2,Bottom50,934245,2069590,979646,455206,43281,228226,54956,308275,1135345,711952,395507,27886
1992:Q3,Top1,5650241,5805595,873983,271443,1236947,588137,1368601,1466484,155354,101916,10134,43304
1992:Q3,Next9,8307164,9048779,2101216,499934,1035867,2276400,1051184,2084178,741615,602556,75102,63957
1992:Q3,Next40,8491189,10220166,3535512,939020,561138,2745751,559681,1879064,1728977,1364043,311281,53653
1992:Q3,Bottom50,998137,2156774,1053277,461145,45857,230288,54149,312058,1158637,726812,405416,26409
1992:Q4,Top1,5904340,6064225,872885,278220,1440445,568263,1389206,1515206,159885,105928,10200,43757
1992:Q4,Next9,8472012,9214188,2101899,500050,1154558,2374618,1016777,2066287,742176,606304,75607,60265
1992:Q4,Next40,8676325,10421979,3587138,942934,608061,2830681,568694,1884471,1745654,1372397,318667,54590
1992:Q4,Bottom50,994752,2200880,1078035,472051,49644,232672,53792,314686,1206128,755724,420295,30109
1993:Q1,Top1,6148859,6313066,891723,303793,1521350,591354,1441208,1563638,164207,108997,11921,43289
1993:Q1,Next9,8515877,9255053,2125138,475063,1187659,2418361,1012158,2036673,739176,604441,72828,61907
1993:Q1,Next40,8760902,10493861,3616556,943754,616666,2892266,568670,1855949,1732958,1368963,307804,56191
1993:Q1,Bottom50,937709,2160874,1014534,483789,51368,242952,52165,316065,1223165,771787,414709,36669
1993:Q2,Top1,6250048,6419726,884079,307685,1567268,588872,1474242,1597580,169678,113189,12876,43613
1993:Q2,Next9,8550916,9288711,2130035,479687,1202041,2472697,1000778,2003474,737795,607700,72283,57812
1993:Q2,Next40,8856741,10604586,3661524,952496,622293,2946566,572985,1848722,1747845,1381484,309483,56878
1993:Q2,Bottom50,960494,2230081,1062856,496385,52351,246611,52531,319347,1269587,805456,424020,40111
1993:Q3,Top1,6417628,6591153,873778,309439,1669569,589419,1511509,1637439,173525,117046,13632,42847
1993:Q3,Next9,8635922,9373198,2127363,487428,1250313,2532548,999115,1976432,737277,603620,72681,60976
1993:Q3,Next40,8963130,10733477,3708780,960755,637864,3003656,574355,1848068,1770348,1395286,316467,58595
1993:Q3,Bottom50,979995,2309086,1118123,508257,54444,251969,52999,323294,1329091,842065,439888,47138
1993:Q4,Top1,6625420,6801291,875472,318734,1772508,575735,1555582,1703260,175871,120863,12816,42192
1993:Q4,Next9,8732444,9473238,2140359,487434,1302485,2589278,997809,1955873,740794,603887,74791,62116
1993:Q4,Next40,9097343,10893614,3762015,972361,658504,3056021,575924,1868789,1796271,1403264,333118,59889
1993:Q4,Bottom50,966132,2355960,1141305,523550,56456,254858,52853,326938,1389828,871165,465444,53219
1994:Q1,Top1,6740779,6922518,886947,335710,1701223,565281,1617836,1815522,181739,124168,14629,42942
1994:Q1,Next9,8772516,9500706,2165619,473938,1237528,2651447,1002248,1969925,728189,596248,73099,58842
1994:Q1,Next40,9122428,10921299,3803683,979970,629357,3086717,575781,1845791,1798871,1409305,328284,61282
1994:Q1,Bottom50,925134,2350301,1120586,536419,55480,254779,52452,330584,1425167,899748,467864,57555
1994:Q2,Top1,6872107,7057952,889351,344290,1690191,580861,1677439,1875821,185845,128235,14086,43524
1994:Q2,Next9,8755907,9486987,2173537,473954,1199533,2707140,1001895,1930927,731079,600609,74477,55993
1994:Q2,Next40,9166229,10987576,3860007,990914,598579,3108590,578165,1851320,1821347,1417490,341019,62838
1994:Q2,Bottom50,917762,2397338,1138119,550390,55901,261795,53582,337551,1479576,928288,488999,62289
1994:Q3,Top1,7018455,7208142,879700,346662,1748421,587229,1709915,1936216,189687,132285,13328,44074
1994:Q3,Next9,8832385,9563180,2161356,483409,1212976,2773731,1011961,1919747,730795,603277,76322,51196
1994:Q3,Next40,9256030,11103375,3911799,1002484,594418,3155367,573872,1865435,1847345,1426875,356642,63828
1994:Q3,Bottom50,937504,2475732,1185103,563944,57402,269582,55353,344348,1538228,958612,513661,65955
1994:Q4,Top1,7189814,7380823,879974,352447,1754583,570824,1762431,2060564,191009,136363,11220,43426
1994:Q4,Next9,8848041,9590713,2146825,485538,1189084,2835049,1015072,1919144,742672,608273,79721,54678
1994:Q4,Next40,9297327,11180011,3973742,1010976,572185,3163452,572779,1886877,1882684,1434816,381718,66150
1994:Q4,Bottom50,900548,2509251,1196058,575201,58057,270937,56554,352444,1608703,986488,548509,73706
1995:Q1,Top1,7450670,7647339,873393,362093,1899849,604618,1806998,2100388,196669,139681,12516,44472
1995:Q1,Next9,8965621,9695087,2147906,487011,1253830,2883890,1016105,1906345,729466,603004,78487,47975
1995:Q1,Next40,9405152,11290154,4005257,1021682,584093,3222311,569415,1887397,1885003,1437958,379684,67361
1995:Q1,Bottom50,931404,2573402,1219450,589914,61242,286652,57282,358862,1641998,1011283,553859,76856
1995:Q2,Top1,7640973,7842212,838300,359792,2044952,618159,1844245,2136764,201239,143556,12473,45210
1995:Q2,Next9,9115073,9837508,2149531,500216,1328494,2952475,1008840,1897952,722434,597621,79951,44862
1995:Q2,Next40,9511243,11424084,4001040,1026343,609462,3302993,573406,1910840,1912841,1449923,393326,69592
1995:Q2,Bottom50,1010298,2716848,1333410,597968,64132,298964,58512,363862,1706550,1047202,577376,81972
1995:Q3,Top1,7895727,8099323,816700,361651,2217182,632086,1887280,2184425,203597,147789,11456,44352
1995:Q3,Next9,9276889,10009050,2161979,507339,1423571,3019617,1009452,1887092,732161,600908,82047,49206
1995:Q3,Next40,9640000,11584848,4016456,1030057,645768,3393404,578801,1920362,1944848,1461265,411170,72413
1995:Q3,Bottom50,1051226,2826256,1418002,605943,67408,310806,60003,364095,1775030,1079810,604926,90294
1995:Q4,Top1,8145061,8355988,831406,360595,2365858,660876,1911597,2225656,210927,150058,10375,50494
1995:Q4,Next9,9512359,10252550,2194154,515391,1545806,3060600,1019702,1916898,740191,602967,89343,47881
1995:Q4,Next40,9838158,11839945,4047922,1044910,707320,3473489,595265,1971039,2001787,1491102,434542,76143
1995:Q4,Bottom50,1050631,2846463,1419384,608358,73255,318659,60167,366639,1795832,1075798,633900,86134
1996:Q1,Top1,8270494,8487919,850287,362311,2432338,677585,1914073,2251326,217425,153222,13287,50916
1996:Q1,Next9,9714508,10480056,2241101,522127,1621906,3106383,1021948,1966592,765548,610930,91472,63146
1996:Q1,Next40,10048364,12082312,4082564,1063963,757336,3554577,616466,2007406,2033948,1531315,427634,74999
1996:Q1,Bottom50,1064654,2863334,1418796,614022,77483,324155,61656,367222,1798680,1082840,629815,86025
1996:Q2,Top1,8360891,8586815,869329,356145,2499564,691542,1905314,2264920,225923,156432,13136,56355
1996:Q2,Next9,9848424,10638097,2253537,534271,1691613,3148907,1020584,1989185,789673,627607,96827,65239
1996:Q2,Next40,10220836,12306282,4149819,1075520,798814,3615996,629865,2036268,2085446,1566428,440248,78770
1996:Q2,Bottom50,1061756,2872326,1418862,612895,81844,328765,62346,367613,1810570,1081194,646368,83008
1996:Q3,Top1,8388553,8622596,889259,352682,2480842,713346,1921805,2264662,234044,159779,13019,61246
1996:Q3,Next9,9924532,10739292,2277341,545186,1707294,3191453,1008712,2009307,814760,646073,102086,66601
1996:Q3,Next40,10400703,12536360,4209566,1092031,820797,3680270,653339,2080357,2135657,1602488,452380,80789
1996:Q3,Bottom50,1062594,2884217,1417588,615320,84511,333616,62849,370333,1821622,1080497,662361,78764
1996:Q4,Top1,8653311,8892441,917671,358439,2576657,773232,1956107,2310334,239130,162770,12614,63746
1996:Q4,Next9,10146988,10985596,2326478,545328,1792827,3235918,1033591,2051455,838609,657907,108161,72541
1996:Q4,Next40,10603169,12788925,4254434,1105553,866577,3782967,661138,2118256,2185757,1637270,469166,79321
1996:Q4,Bottom50,1038378,2877540,1386516,618673,89400,349688,61903,371360,1839162,1080185,683937,75040
1997:Q1,Top1,8594860,8844289,934829,359488,2573569,784156,1942730,2249517,249429,165599,15240,68590
1997:Q1,Next9,10389551,11248989,2365613,551300,1815717,3269322,1186970,2060067,859437,671473,109042,78922
1997:Q1,Next40,10665586,12875479,4285222,1123482,889295,3829013,646141,2102326,2209893,1668273,457096,84524
1997:Q1,Bottom50,1069635,2891454,1381496,622832,92299,352865,70829,371133,1821819,1075129,672797,73893
1997:Q2,Top1,9065623,9321984,950109,355079,2989695,832010,1966866,2228224,256361,168710,15705,71946
1997:Q2,Next9,10810039,11697867,2395105,564051,2094476,3386936,1175358,2081940,887828,686571,113437,87820
1997:Q2,Next40,11004622,13260323,4341738,1127779,996819,3967587,676474,2149926,2255702,1702683,464854,88165
1997:Q2,Bottom50,1116699,2947789,1402123,620130,103862,375934,72713,373027,1831090,1073961,684042,73087
1997:Q3,Top1,9350526,9611543,955558,350136,3220346,871244,1977268,2236991,261017,172951,16225,71841
1997:Q3,Next9,11172020,12100344,2434683,577919,2263442,3486662,1218997,2118641,928324,710809,118073,99442
1997:Q3,Next40,11256814,13562916,4368188,1140846,1071124,4092006,691886,2198866,2306102,1748738,474142,83222
1997:Q3,Bottom50,1164858,3017700,1444052,621159,111512,389056,76784,375137,1852841,1084509,697364,70968
1997:Q4,Top1,9488033,9756554,988314,357772,3268676,871034,1998122,2272636,268521,175761,15111,77649
1997:Q4,Next9,11411397,12370729,2505038,575758,2320527,3514716,1300322,2154369,959332,731528,123904,103900
1997:Q4,Next40,11424296,13778100,4418521,1158199,1108144,4130509,698972,2263755,2353805,1774403,489309,90093
1997:Q4,Bottom50,1155336,3013072,1418033,626298,115529,391406,81797,380008,1857736,1072546,715840,69350
1998:Q1,Top1,10047804,10325035,1011253,356518,3741667,907572,2010549,2297476,277231,179145,17185,80901
1998:Q1,Next9,12066781,13058775,2562643,587837,2638482,3663268,1400483,2206062,991994,755641,124688,111665
1998:Q1,Next40,11797516,14175162,4490522,1167916,1231635,4291021,705909,2288159,2377646,1806734,477701,93211
1998:Q1,Bottom50,1241411,3081802,1445282,627865,128038,412740,89131,378746,1840390,1067971,704469,67950
1998:Q2,Top1,10218403,10502448,1059744,355560,3799956,915830,2007139,2364218,284045,183123,17099,83823
1998:Q2,Next9,12248250,13273784,2621329,596665,2700642,3729673,1369999,2255476,1025534,775030,130597,119907
1998:Q2,Next40,12069508,14508228,4630485,1184516,1269096,4359281,741152,2323698,2438720,1851475,494021,93224
1998:Q2,Bottom50,1214151,3084508,1431105,631014,132384,417245,92065,380695,1870357,1078510,726028,65819
1998:Q3,Top1,9802528,10096099,1071458,335852,3297436,904155,2013381,2473817,293570,187106,17258,89206
1998:Q3,Next9,12066719,13118964,2655126,622705,2416422,3675538,1429863,2319310,1052244,797447,135674,119123
1998:Q3,Next40,12047226,14542447,4729649,1207800,1191149,4321911,752359,2339579,2495222,1894097,505754,95371
1998:Q3,Bottom50,1259353,3147613,1513024,630413,124982,399976,97031,382187,1888260,1086190,742032,60038
1998:Q4,Top1,10442021,10741947,1129407,365987,3901245,907453,2021619,2416236,299926,192882,17014,90030
1998:Q4,Next9,12877453,13944202,2754572,611744,2865060,3901710,1458797,2352319,1066748,810624,137131,118993
1998:Q4,Next40,12613585,15180380,4839094,1213125,1379787,4552641,757809,2437924,2566795,1942336,524442,100017
1998:Q4,Bottom50,1249085,3184517,1490242,642943,138145,428989,95490,388708,1935433,1111599,762686,61148
1999:Q1,Top1,10436085,10744456,1152872,376330,3832532,915003,2032560,2435159,308372,198218,18777,91377
1999:Q1,Next9,13016941,14091305,2811505,616246,2876223,3984943,1432594,2369793,1074365,818476,135134,120755
1999:Q1,Next40,12744864,15356585,4913715,1220490,1400917,4630454,772479,2418530,2611721,1986634,525263,99824
1999:Q1,Bottom50,1293828,3252449,1544076,648241,137877,440104,92304,389847,1958621,1133348,763225,62048
1999:Q2,Top1,10807829,11120935,1198113,397246,4139396,920944,2089326,2375909,313106,204162,19378,89566
1999:Q2,Next9,13376392,14477519,2901810,612902,3126629,4111052,1367902,2357224,1101127,829581,135441,136105
1999:Q2,Next40,13032448,15712272,5013878,1234117,1507731,4747497,813855,2395194,2679825,2037656,538625,103544
1999:Q2,Bottom50,1286628,3296730,1559778,660605,145309,454325,88488,388226,2010103,1161801,778137,70165
1999:Q3,Top1,10678565,10998330,1228867,403327,3873720,937047,2170128,2385241,319765,210969,19064,89732
1999:Q3,Next9,13331728,14457544,2973805,621030,3003811,4092297,1416514,2350087,1125816,853005,136739,136072
1999:Q3,Next40,13090883,15843782,5122306,1256084,1475754,4735808,831967,2421864,2752899,2093661,557498,101740
1999:Q3,Bottom50,1311533,3373786,1629681,670292,141050,448430,89031,395302,2062253,1193588,798594,70071
1999:Q4,Top1,11588872,11907528,1280942,426117,4713611,946175,2210798,2329885,318656,216856,17135,84665
1999:Q4,Next9,14214349,15400044,3060438,618827,3593197,4328495,1448623,2350464,1185695,882244,138462,164989
1999:Q4,Next40,13768589,16584265,5241161,1264011,1697635,4931222,845019,2605217,2815676,2131456,578768,105452
1999:Q4,Bottom50,1354992,3463064,1633346,682166,159647,475514,89096,423295,2108072,1203919,819257,84896
2000:Q1,Top1,12031728,12348161,1342120,440034,4960027,956263,2246542,2403175,316432,222101,16865,77466
2000:Q1,Next9,14665306,15917276,3174173,625135,3797881,4462266,1419930,2437892,1251970,909761,136754,205455
2000:Q1,Next40,14031569,16885459,5421923,1285932,1778924,5026008,861940,2510732,2853890,2160356,581586,111948
2000:Q1,Bottom50,1407666,3536571,1683667,696828,166096,482897,85031,422052,2128904,1204514,818559,105831
2000:Q2,Top1,11784388,12109037,1416844,454460,4614375,959150,2281541,2382667,324649,228861,15591,80197
2000:Q2,Next9,14587794,15854920,3291020,627838,3620597,4495874,1401250,2418341,1267126,936191,138546,192389
2000:Q2,Next40,14138844,17066709,5630782,1310981,1726475,5031870,881665,2484936,2927865,2212826,604968,110071
2000:Q2,Bottom50,1396243,3569810,1709274,711433,160651,480506,82976,424970,2173567,1231228,842666,99673
2000:Q3,Top1,11828045,12156332,1461315,459777,4546835,951061,2334480,2402864,328287,235676,13144,79467
2000:Q3,Next9,14930623,16228884,3387026,639543,3629237,4582855,1584726,2405496,1298261,963872,141681,192708
2000:Q3,Next40,14376902,17388005,5793458,1328699,1748948,5100443,856771,2559687,3011103,2265050,636801,109252
2000:Q3,Bottom50,1442703,3675382,1796857,720165,160420,478935,87312,431693,2232679,1257214,875447,100018
2000:Q4,Top1,11447687,11787870,1545891,478827,3863370,931261,2393613,2574908,340183,241820,10757,87606
2000:Q4,Next9,14785761,16074602,3517837,632937,3225150,4557911,1643222,2497545,1288841,977522,145302,166017
2000:Q4,Next40,14470962,17567186,5997774,1355422,1620458,5078356,863869,2651307,3096224,2314947,672315,108962
2000:Q4,Bottom50,1380207,3663262,1790525,734571,146406,463404,86804,441552,2283055,1282495,912893,87667
2001:Q1,Top1,11167020,11518064,1683908,491939,3326531,869532,2460506,2685648,351044,247687,11963,91394
2001:Q1,Next9,14728513,15996715,3709017,629749,2911427,4507958,1636499,2602066,1268202,990748,143590,133864
2001:Q1,Next40,14772343,17913434,6383894,1379969,1528428,5049391,882983,2688769,3141091,2360407,677243,103441
2001:Q1,Bottom50,1349555,3640866,1796181,745076,133975,434810,80935,449889,2291311,1302519,916928,71864
2001:Q2,Top1,11480953,11842409,1733302,504667,3601690,822186,2514113,2666451,361457,255941,14102,91414
2001:Q2,Next9,15271011,16549875,3817727,633031,3160001,4662387,1625602,2651128,1278864,1005080,143576,130208
2001:Q2,Next40,15120841,18356619,6528450,1389161,1656963,5201129,905806,2675110,3235779,2440558,691587,103634
2001:Q2,Bottom50,1346694,3712303,1857153,751920,141041,436892,76387,448910,2365609,1360622,934984,70003
2001:Q3,Top1,10938453,11301578,1775990,507695,2886414,765362,2544151,2821967,363125,264186,13041,85898
2001:Q3,Next9,14889308,16261876,3914014,638299,2689976,4612396,1650900,2756291,1372567,1052109,143652,176806
2001:Q3,Next40,15061121,18382228,6675611,1408804,1483349,5162597,919205,2732662,3321107,2501826,708082,111199
2001:Q3,Bottom50,1318987,3754824,1937684,756516,123138,405847,75533,456107,2435837,1392380,949576,93881
2001:Q4,Top1,11390292,11777918,1859632,517678,3351061,725612,2592727,2731208,387626,272926,15635,99065
2001:Q4,Next9,15469122,16751786,4001575,651514,3010537,4793334,1565614,2729212,1282664,1007489,150121,125054
2001:Q4,Next40,15618781,19066920,6861337,1427456,1622665,5310034,964265,2881163,3448140,2607184,737822,103134
2001:Q4,Bottom50,1284027,3775438,1932773,767612,130358,412143,70109,462443,2491411,1437336,988249,65826
2002:Q1,Top1,11562877,11968604,1950152,525974,3394244,734367,2625460,2738406,405727,283090,17165,105472
2002:Q1,Next9,15683120,16993964,4105258,657598,3010366,4906292,1530791,2783659,1310844,1040031,150540,120273
2002:Q1,Next40,15859219,19386520,7057640,1442117,1613291,5390619,997378,2885474,3527301,2691492,734459,101350
2002:Q1,Bottom50,1268717,3760139,1923218,772583,126755,412762,69202,455619,2491422,1447795,981353,62274
2002:Q2,Top1,11400751,11824513,2024583,531736,3038954,710496,2671563,2847180,423762,294465,17396,111901
2002:Q2,Next9,15542023,16869898,4212625,663212,2723533,4871757,1502481,2896290,1327875,1073337,154192,100346
2002:Q2,Next40,15618164,19258022,7211010,1468149,1483971,5324126,1034017,2736749,3639858,2793493,749737,96628
2002:Q2,Bottom50,1206917,3731736,1937189,779876,113572,387808,68913,444378,2524819,1477834,996319,50666
2002:Q3,Top1,10839648,11289264,2067366,524468,2409214,678479,2723015,2886723,449616,306309,19778,123529
2002:Q3,Next9,15135753,16464804,4298491,685062,2231113,4836187,1485896,2928054,1329051,1088688,157532,82831
2002:Q3,Next40,15490259,19258272,7345215,1495928,1262381,5249465,1068441,2836842,3768013,2911589,762225,94199
2002:Q3,Bottom50,1213855,3793235,2038097,785311,93416,358923,68715,448773,2579380,1527035,1012073,40272
2002:Q4,Top1,10911611,11379463,2129054,523670,2605114,662000,2531092,2928533,467852,318314,21188,128350
2002:Q4,Next9,15476838,16825490,4376933,705596,2351236,4993438,1451986,2946302,1348653,1108428,161825,78400
2002:Q4,Next40,15934324,19836718,7517960,1508187,1312047,5363353,1130786,3004385,3902394,3029455,780503,92436
2002:Q4,Bottom50,1251046,3895658,2097032,788752,93887,363825,95147,457015,2644612,1574930,1033492,36190
2003:Q1,Top1,10917264,11407752,2224137,532673,2452196,683016,2591770,2923960,490487,329560,25600,135327
2003:Q1,Next9,15634344,16999206,4484064,707010,2208902,5029468,1544058,3025704,1364862,1118399,161822,84641
2003:Q1,Next40,16000658,20007481,7717447,1519421,1241357,5395065,1136643,2997548,4006823,3140943,773587,92293
2003:Q1,Bottom50,1184457,3866548,2074803,790490,85773,363124,97479,454879,2682091,1616431,1028114,37546
2003:Q2,Top1,11756445,12254722,2310020,539812,3009854,724666,2684918,2985451,498277,343704,27661,126912
2003:Q2,Next9,16256184,17731404,4578849,720655,2576046,5207886,1524171,3123797,1475220,1159967,165085,150168
2003:Q2,Next40,16421886,20584091,7924219,1529748,1387669,5555452,1173850,3013153,4162204,3278111,785939,98154
2003:Q2,Bottom50,1115813,3909226,2086188,795880,93567,386655,94002,452935,2793413,1681717,1043245,68451
2003:Q3,Top1,12118859,12638256,2371991,536741,3247461,735998,2793634,2952431,519397,357508,27700,134189
2003:Q3,Next9,16511870,18030042,4664522,744745,2707076,5289652,1496659,3127387,1518172,1218414,169030,130728
2003:Q3,Next40,16650117,20948953,8112300,1547949,1431808,5624309,1213272,3019315,4298835,3401499,802907,94429
2003:Q3,Bottom50,1137966,3985778,2163277,801436,93172,391361,88718,447814,2847812,1730442,1060038,57332
2003:Q4,Top1,12802192,13374769,2414546,540249,3752124,765540,2868604,3033707,572577,369943,29888,172746
2003:Q4,Next9,17176075,18681788,4804227,765159,3008954,5473910,1466453,3163086,1505713,1232233,173009,100471
2003:Q4,Next40,17086283,21532931,8239153,1563227,1536066,5777362,1247829,3169293,4446648,3527325,819239,100084
2003:Q4,Bottom50,1241003,4148854,2290617,809031,97116,411510,84907,455672,2907851,1785374,1080795,41682
2004:Q1,Top1,13807294,14397862,2567645,546919,4030055,770083,2929239,3553921,590567,381379,33097,176091
2004:Q1,Next9,18036725,19575231,4958432,781049,3149415,5623724,1570480,3492131,1538506,1253550,173222,111734
2004:Q1,Next40,17653096,22202155,8639903,1588846,1573190,5875293,1248715,3276208,4549059,3634735,814343,99981
2004:Q1,Bottom50,1208134,4149663,2277631,820945,95914,413193,87089,454892,2941530,1820036,1075810,45684
2004:Q2,Top1,13935886,14548278,2643553,540567,4013459,770799,3097346,3482553,612392,396123,35051,181218
2004:Q2,Next9,18342672,19949264,5095087,812231,3093333,5756572,1690912,3501129,1606592,1309406,175399,121787
2004:Q2,Next40,17843341,22536269,8902278,1612877,1536178,5957630,1267336,3259970,4692928,3772058,820886,99984
2004:Q2,Bottom50,1262172,4277034,2407555,829435,89193,414512,86700,449639,3014863,1882653,1083203,49007
2004:Q3,Top1,14381182,15007834,2747309,548340,4070916,789770,3267241,3584258,626652,409997,36283,180372
2004:Q3,Next9,18864836,20500224,5339119,817937,3075333,5872919,1834023,3560893,1635388,1344011,180020,111357
2004:Q3,Next40,18042515,22884732,9172715,1628009,1503592,6014226,1286875,3279316,4842217,3907092,841265,93860
2004:Q3,Bottom50,1289716,4382946,2513933,833551,83492,413205,89585,449180,3093230,1944304,1107308,41618
2004:Q4,Top1,15147939,15758785,2834737,550838,4463754,876779,3399485,3633192,610846,412805,34338,163703
2004:Q4,Next9,19562334,21322255,5540112,837030,3334572,6090171,1913068,3607302,1759921,1419391,185241,155289
2004:Q4,Next40,18777539,23711055,9496375,1650488,1573046,6176850,1294548,3519748,4933516,3971423,863838,98255
2004:Q4,Bottom50,1304792,4562323,2609474,859816,90956,435953,92233,473891,3257531,2055529,1136702,65300
2005:Q1,Top1,15411296,16019570,2921539,555701,4478042,938926,3488897,3636465,608274,414160,39533,154581
2005:Q1,Next9,19932464,21706706,5759321,844254,3353998,6121958,1932273,3694902,1774242,1435198,184015,155029
2005:Q1,Next40,18946396,23941087,9787898,1672441,1559270,6185704,1310020,3425754,4994691,4049095,848770,96826
2005:Q1,Bottom50,1288616,4677317,2689108,882689,92462,438002,94414,480643,3388702,2190567,1132656,65479
2005:Q2,Top1,15950851,16564053,2999733,570750,4637879,1012322,3654095,3689274,613202,417576,39910,155716
2005:Q2,Next9,20461057,22315467,6034523,842151,3466378,6226413,1999382,3746620,1854410,1511697,186760,155953
2005:Q2,Next40,19329918,24413265,10024775,1695592,1576846,6258675,1339869,3517509,5083348,4127429,857182,98737
2005:Q2,Bottom50,1289729,4829018,2786351,909801,96289,447045,99304,490227,3539289,2322996,1148537,67756
2005:Q3,Top1,16464255,17077524,3070645,569074,4925235,1089406,3837458,3585706,613269,421017,39462,152790
2005:Q3,Next9,21014722,22949100,6282592,855431,3656964,6347043,2075876,3731193,1934378,1591059,191003,152316
2005:Q3,Next40,19755123,24935500,10317656,1706546,1616437,6342542,1371814,3580505,5180377,4206924,874115,99338
2005:Q3,Bottom50,1341739,5042186,2945872,926858,102151,460428,104532,502345,3700447,2458991,1173805,67651
2005:Q4,Top1,16890061,17508508,3144236,567552,5025898,1168805,3958025,3643991,618447,423071,38768,156608
2005:Q4,Next9,21524275,23517787,6494868,869885,3728575,6458750,2181320,3784389,1993512,1663765,195009,134738
2005:Q4,Next40,20249583,25510589,10607610,1722134,1614047,6416893,1384111,3765794,5261005,4271574,889830,99601
2005:Q4,Bottom50,1390953,5231091,3068779,946655,105121,471570,112492,526474,3840139,2581989,1196948,61202
2006:Q1,Top1,17755880,18372945,3112965,582730,5717175,1251979,3966739,3741356,617065,426501,38279,152285
2006:Q1,Next9,22349036,24466047,6621701,866372,4170679,6557986,2284599,3964710,2117011,1764308,197143,155560
2006:Q1,Next40,20189955,25530640,10517272,1739637,1730148,6497756,1368506,3677321,5340685,4341369,895205,104111
2006:Q1,Bottom50,1397772,5386780,3161142,972117,117227,487465,121276,527553,3989008,2707363,1206957,74688
2006:Q2,Top1,17711206,18333409,3138390,579944,5527618,1327366,3995830,3764261,622202,429591,40366,152245
2006:Q2,Next9,22523391,24725568,6735985,880147,4066218,6566799,2426084,4050335,2202177,1845142,198070,158965
2006:Q2,Next40,20141868,25564877,10653677,1757147,1675323,6505488,1349023,3624219,5423009,4421267,894659,107083
2006:Q2,Bottom50,1367626,5514125,3250427,992104,115772,492496,131130,532195,4146498,2850649,1216516,79333
2006:Q3,Top1,18065734,18684260,3141731,576904,5734624,1399689,4085627,3745685,618526,430150,42000,146376
2006:Q3,Next9,22936227,25218626,6821277,898171,4208620,6673507,2563412,4053639,2282399,1905927,201864,174608
2006:Q3,Next40,20437381,25938209,10735636,1770854,1696994,6587838,1339528,3807359,5500828,4477324,912924,110580
2006:Q3,Bottom50,1357758,5675696,3350147,1012519,120435,509173,138554,544868,4317938,2973261,1254653,90024
2006:Q4,Top1,18583640,19192823,3113411,582500,6231640,1471036,4166727,3627508,609183,427917,41426,139840
2006:Q4,Next9,23428665,25801429,6905117,903747,4533259,6826230,2612795,4020281,2372765,1956064,205504,211197
2006:Q4,Next40,20756192,26302026,10687562,1779831,1776614,6712545,1351387,3994088,5545834,4497860,928624,119350
2006:Q4,Bottom50,1389171,5842059,3442914,1032430,129511,527464,143271,566469,4452888,3058411,1281161,113316
2007:Q1,Top1,19114823,19718919,3040499,595816,6581428,1535167,4121008,3845000,604096,427645,44271,132180
2007:Q1,Next9,24108306,26551816,6927758,897545,4767973,6902340,2764849,4291352,2443510,2036444,203339,203727
2007:Q1,Next40,20529080,26088160,10460084,1795189,1829291,6775414,1308869,3919313,5559080,4528960,914103,116017
2007:Q1,Bottom50,1403256,5942435,3489165,1056013,136310,533382,153262,574303,4539179,3149397,1278459,111323
2007:Q2,Top1,19282532,19868428,2996694,604184,6781234,1606977,4047129,3832210,585896,426547,43498,115851
2007:Q2,Next9,24534771,27089355,6936609,901016,4911072,7062127,2943012,4335518,2554584,2099542,206693,248349
2007:Q2,Next40,20451489,26061429,10339826,1807084,1854310,6909221,1260651,3890337,5609940,4561939,927322,120679
2007:Q2,Bottom50,1349535,6034150,3519393,1079030,140849,551489,166086,577304,4684615,3249265,1299453,135897
2007:Q3,Top1,19559510,20148893,2962618,605483,6843279,1663570,3971984,4101959,589382,424449,44500,120433
2007:Q3,Next9,24994394,27579798,6887272,907599,4974367,7159815,3103680,4547065,2585404,2147065,211627,226712
2007:Q3,Next40,20584923,26254110,10251667,1816746,1860774,6992086,1216412,4116426,5669187,4593508,952796,122883
2007:Q3,Bottom50,1238980,6071289,3503336,1097529,143304,558767,177950,590402,4832309,3354426,1346630,131253
2007:Q4,Top1,19213340,19804664,2927163,607481,6441798,1637150,3884658,4306413,591324,428046,45452,117826
2007:Q4,Next9,24907040,27539560,6849833,913815,4754798,7197437,3138076,4685601,2632520,2171678,214238,246604
2007:Q4,Next40,20526046,26236623,10041767,1844607,1792213,7032624,1198745,4326668,5710577,4610134,971507,128936
2007:Q4,Bottom50,1113448,6051574,3472921,1108039,134500,547697,182854,605563,4938126,3415126,1378280,144720
2008:Q1,Top1,18620174,19216759,2800508,597949,5841181,1568710,3681082,4727329,596585,430501,50711,115373
2008:Q1,Next9,24519082,27192695,6709101,930672,4423040,7125677,2937121,5067084,2673613,2188369,210745,274499
2008:Q1,Next40,19814674,25524001,9611010,1877341,1709325,6995944,1226376,4104005,5709327,4614539,958830,135958
2008:Q1,Bottom50,1026563,6033836,3499382,1116522,122589,517428,184309,593606,5007273,3463189,1381723,162361
2008:Q2,Top1,18139593,18742247,2738329,581991,5567560,1552154,3515235,4786978,602654,432042,47887,122725
2008:Q2,Next9,24144332,26812891,6514754,954202,4273966,7181615,2770356,5117998,2668558,2241305,211560,215693
2008:Q2,Next40,19442931,25110691,9366452,1894755,1657281,7054767,1244057,3893379,5667760,4571745,968031,127984
2008:Q2,Bottom50,964872,5930254,3425324,1116859,115807,510000,185442,576822,4965382,3437779,1392975,134628
2008:Q3,Top1,17297417,17896421,2715525,576193,4750842,1479811,3330176,5043874,599004,429914,53878,115212
2008:Q3,Next9,23626286,26333690,6331252,962632,3768734,7123129,2810897,5337046,2707404,2197746,210038,299620
2008:Q3,Next40,18914330,24580050,9171861,1917352,1486981,6961062,1215776,3827018,5665720,4550752,966505,148463
2008:Q3,Bottom50,666501,5739865,3260511,1120592,100656,484024,196377,577705,5073364,3475466,1413392,184506
2008:Q4,Top1,15623734,16273211,2644112,568023,3568000,1330032,3076641,5086403,649477,426845,56993,165639
2008:Q4,Next9,22629594,25111708,6232445,956565,3020181,6964961,2648600,5288956,2482113,2161712,208161,112240
2008:Q4,Next40,18664844,24270514,8855410,1928820,1257734,6781023,1205672,4241855,5605669,4507028,960759,137882
2008:Q4,Bottom50,639798,5638969,3215224,1111849,79207,423079,197538,612072,4999171,3481675,1417876,99620
2009:Q1,Top1,15026544,15692025,2523443,558869,3114422,1289242,2873307,5332742,665481,425774,65629,174078
2009:Q1,Next9,22470743,24874233,6169287,958399,2718140,6948831,2570834,5508742,2403490,2128910,199977,74603
2009:Q1,Next40,17747815,23300267,8448964,1931789,1139057,6734966,1161701,3883791,5552452,4495019,921151,136282
2009:Q1,Bottom50,650215,5651193,3286097,1102224,69553,403018,196567,593734,5000978,3527324,1391385,82269
2009:Q2,Top1,15375246,16039257,2500708,549226,3898067,1372218,2703761,5015277,664011,425348,66999,171664
2009:Q2,Next9,22490544,24908497,6013799,974247,3260631,7132527,2211141,5316152,2417953,2137659,196708,83586
2009:Q2,Next40,18114249,23622280,8296432,1928770,1298151,6951202,1175508,3972217,5508030,4458672,906673,142685
2009:Q2,Bottom50,572525,5568984,3178345,1095731,80255,435843,181922,596888,4996458,3525134,1378493,92831
2009:Q3,Top1,16329646,16992750,2501662,536572,4697382,1437071,2604685,5215378,663104,422868,71657,168579
2009:Q3,Next9,23112766,25515155,5879356,991165,3800054,7359262,1993781,5491538,2402389,2104865,194596,102928
2009:Q3,Next40,18249235,23723586,8220753,1918696,1448594,7186571,1182321,3766650,5474350,4422404,901546,150400
2009:Q3,Bottom50,432046,5470207,3072201,1084477,90432,467586,172852,582659,5038161,3539311,1390912,107938
2009:Q4,Top1,16093648,16749834,2502188,539667,4856361,1448900,2573733,4828985,656185,421918,73915,160352
2009:Q4,Next9,22915502,25343806,5847683,996612,3915381,7487424,1958945,5137761,2428304,2110751,192213,125340
2009:Q4,Next40,19014344,24444387,8111371,1933541,1465007,7301125,1173799,4459544,5430043,4379747,894443,155853
2009:Q4,Bottom50,399315,5446232,3002944,1090200,90546,479641,171096,611804,5046916,3528887,1394447,123582
2010:Q1,Top1,16759673,17425794,2530199,532595,5191391,1460803,2619575,5091232,666122,418468,77433,170221
2010:Q1,Next9,23566323,26005481,5812464,1004883,4144038,7712308,1924284,5407504,2439158,2103158,185265,150735
2010:Q1,Next40,18862659,24214077,8101456,1931003,1513491,7478315,1174679,4015133,5351418,4305998,862440,182980
2010:Q1,Bottom50,335867,5339205,2927490,1082222,93212,489878,165558,580845,5003338,3482993,1367918,152427
2010:Q2,Top1,16550362,17213158,2554289,522136,4695103,1422368,2762501,5256761,662797,417461,77658,167678
2010:Q2,Next9,23486372,25955936,5791173,1005755,3831977,7742308,2087243,5497481,2469565,2121203,182935,165427
2010:Q2,Next40,18657838,23952759,8074467,1932852,1400975,7463252,1169515,3911698,5294922,4252700,854381,187841
2010:Q2,Bottom50,238109,5217892,2859856,1070066,83619,464666,168607,571078,4979783,3451710,1363478,164595
2010:Q3,Top1,17288373,17943471,2505968,514112,5351791,1466955,2898225,5206419,655098,415335,80038,159725
2010:Q3,Next9,24232478,26699794,5796674,1017943,4272000,8049039,2104168,5459970,2467316,2112443,182278,172595
2010:Q3,Next40,19021205,24266154,7900910,1926985,1512204,7731169,1184343,4010543,5244949,4202231,857840,184878
2010:Q3,Bottom50,312480,5299945,2928272,1061241,90905,488184,164109,567234,4987464,3434679,1383570,169215
2010:Q4,Top1,17740640,18376743,2491631,538452,5864022,1488283,2982941,5011413,636103,409427,72449,154227
2010:Q4,Next9,24536070,27022093,5744281,1009285,4590505,8299428,2148912,5229682,2486024,2079971,194574,211479
2010:Q4,Next40,19737052,25004638,7768444,1921865,1626641,8006058,1179832,4501798,5267586,4168879,918795,179912
2010:Q4,Bottom50,312464,5297489,2870087,1065838,99392,506984,157715,597473,4985025,3334003,1460994,190028
2011:Q1,Top1,18463640,19092759,2502756,555983,6318896,1504728,3022624,5187772,629118,408786,72857,147475
2011:Q1,Next9,25030886,27571618,5612332,1011603,4868825,8404252,2215699,5458907,2540732,2105448,192843,242441
2011:Q1,Next40,19606367,24858024,7701173,1926742,1730324,8175631,1158341,4165813,5251657,4176290,903876,171491
2011:Q1,Bottom50,258715,5184049,2735448,1073912,107069,519738,152553,595329,4925334,3261239,1458732,205363
2011:Q2,Top1,18684887,19308144,2552256,581905,6290194,1503522,3073753,5306513,623257,406740,69343,147174
2011:Q2,Next9,25066258,27610535,5567648,1002276,4840105,8434536,2224347,5541623,2544277,2103950,196259,244068
2011:Q2,Next40,19818218,25072041,7711385,1938888,1745935,8273680,1157924,4244229,5253823,4181458,913319,159046
2011:Q2,Bottom50,182621,5058068,2595101,1085981,107862,519282,146196,603646,4875446,3196554,1474155,204737
2011:Q3,Top1,18006949,18639395,2504409,580249,5239343,1447662,3165529,5702203,632445,405196,67349,159900
2011:Q3,Next9,24399967,26916234,5543177,1013870,4159128,8228310,2177512,5794237,2516266,2109959,200065,206242
2011:Q3,Next40,19376241,24644403,7595863,1950524,1567831,8146028,1178009,4206149,5268163,4188468,928212,151483
2011:Q3,Bottom50,276842,5107158,2689242,1085986,93819,484231,136531,617348,4830316,3130948,1506549,192819
2011:Q4,Top1,18210334,18845404,2478738,602815,5598943,1461274,3229169,5474465,635070,403461,64150,167459
2011:Q4,Next9,24656476,27160394,5536961,1008413,4379209,8379671,2272597,5583543,2503918,2105123,205152,193643
2011:Q4,Next40,19982105,25278263,7462882,1944138,1656811,8351054,1162472,4700906,5296158,4200983,947732,147443
2011:Q4,Bottom50,371055,5179744,2700074,1089332,100270,505287,133254,651527,4808689,3075929,1539191,193569
2012:Q1,Top1,19123923,19750462,2497679,635006,6401560,1497095,3217967,5501155,626540,402335,62417,161788
2012:Q1,Next9,25506046,28067723,5504437,997552,4874765,8611276,2388791,5690903,2561677,2134081,204572,223024
2012:Q1,Next40,20074866,25347503,7392366,1945795,1826247,8629867,1134096,4419132,5272637,4194955,937848,139834
2012:Q1,Bottom50,391884,5125659,2599809,1100687,113161,533030,134605,644367,4733775,2985902,1540213,207660
2012:Q2,Top1,19192230,19820862,2560276,643455,6174240,1481253,3270847,5690792,628633,400340,58134,170159
2012:Q2,Next9,25471231,28021040,5520152,1000729,4719434,8564222,2396546,5819957,2549809,2134831,209316,205662
2012:Q2,Next40,20041964,25324662,7518693,1945487,1804079,8658396,1152063,4245944,5282697,4197687,954754,130256
2012:Q2,Bottom50,379392,5066721,2564725,1099423,111122,524994,132258,634199,4687329,2916874,1568247,202208
2012:Q3,Top1,19821021,20444248,2595311,657670,6605816,1498274,3391602,5695575,623227,398048,56686,168493
2012:Q3,Next9,25949571,28501919,5596558,1003108,4977684,8693173,2473654,5757742,2552348,2113329,214246,224773
2012:Q3,Next40,20636339,25949703,7592489,1939964,1905697,8849179,1170540,4491833,5313364,4214523,973735,125106
2012:Q3,Bottom50,457950,5148842,2611637,1099992,118664,539776,131039,647734,4690892,2871773,1605770,213349
2012:Q4,Top1,20146130,20758636,2637739,673213,6654666,1507418,3474829,5810772,612506,397583,47528,167395
2012:Q4,Next9,26157289,28757454,5656454,1003392,4994779,8725524,2532027,5845278,2600166,2156104,220956,223106
2012:Q4,Next40,20952811,26279263,7665453,1945713,1935572,8957501,1184559,4590465,5326452,4206456,1001570,118426
2012:Q4,Bottom50,547060,5183743,2623291,1105168,120672,539851,129964,664796,4636683,2776928,1642851,216904
2013:Q1,Top1,21136491,21756865,2761481,699903,7545593,1516735,3562993,5670160,620375,393159,55497,171719
2013:Q1,Next9,27208220,29720902,5772491,996539,5532072,9070793,2583992,5765014,2512682,2064448,220271,227963
2013:Q1,Next40,21643376,26993433,7913271,1942536,2119570,9295741,1195628,4526687,5350057,4249038,988193,112826
2013:Q1,Bottom50,505228,5157743,2556102,1111976,134858,560652,127136,667019,4652515,2781442,1649843,221230
2013:Q2,Top1,21447731,22065599,2854509,712615,7648576,1503839,3703801,5642259,617868,391958,50344,175566
2013:Q2,Next9,27771269,30291949,5904628,997069,5581337,9270827,2719908,5818181,2520680,2065704,225776,229200
2013:Q2,Next40,21788515,27167893,8141219,1935801,2161454,9507687,1199201,4222531,5379378,4265320,1006814,107244
2013:Q2,Bottom50,549789,5181323,2585179,1110159,137693,562856,126102,659334,4631534,2726940,1677250,227344
2013:Q3,Top1,22069674,22684322,2943879,719535,8095043,1523893,3856858,5545114,614648,392246,47767,174635
2013:Q3,Next9,28497150,31044706,6024118,1008567,5838756,9587988,2891197,5694079,2547556,2077925,231338,238293
2013:Q3,Next40,22654686,28081805,8390242,1931081,2263363,9829648,1198641,4468830,5427120,4297736,1029931,99453
2013:Q3,Bottom50,632764,5273138,2639875,1109754,145465,575058,126462,676525,4640374,2688370,1721255,230749
2013:Q4,Top1,22674102,23274558,3011515,729293,8625398,1560616,4049486,5298250,600456,398733,49682,152041
2013:Q4,Next9,29128353,31764619,6125186,1005375,6146655,10023404,2921700,5542299,2636267,2062541,237692,336034
2013:Q4,Next40,23354756,28856413,8583786,1936382,2336095,10096535,1206264,4697351,5501657,4323713,1060238,117706
2013:Q4,Bottom50,626114,5305501,2630144,1108523,150901,594452,123622,697859,4679386,2652063,1742856,284467
2014:Q1,Top1,23561223,24172685,3080130,742409,9129446,1596591,4138034,5486076,611463,404943,55829,150691
2014:Q1,Next9,29819903,32456827,6235190,989972,6439157,10152141,2852145,5788222,2636923,2058106,238271,340546
2014:Q1,Next40,23516975,29033819,8747341,1946260,2405267,10140731,1210429,4583791,5516844,4334888,1062270,119686
2014:Q1,Bottom50,642462,5266472,2593381,1106368,155988,594916,118651,697168,4624010,2596479,1740490,287041
2014:Q2,Top1,24259357,24873050,3126399,751170,9699444,1631957,4233376,5430704,613693,412086,55461,146146
2014:Q2,Next9,30479155,33151466,6378579,987603,6771234,10342895,2890846,5780309,2672311,2063580,245489,363242
2014:Q2,Next40,23876709,29453766,8908768,1961581,2485458,10230685,1206359,4660915,5577057,4353732,1097380,125945
2014:Q2,Bottom50,735991,5350304,2649575,1109008,162022,604674,120846,704179,4614313,2547962,1765680,300671
2014:Q3,Top1,24474132,25110359,3190913,763440,9521142,1645471,4436794,5552598,636227,419761,58627,157839
2014:Q3,Next9,30821497,33441835,6516276,978900,6650572,10401074,2928197,5966816,2620337,2068715,251709,299913
2014:Q3,Next40,23823337,29455342,9085648,1983368,2437237,10204969,1228965,4515155,5632006,4382014,1131163,118829
2014:Q3,Bottom50,763778,5345863,2654257,1114136,157576,600209,121084,698601,4582085,2510602,1801476,270007
2014:Q4,Top1,25044195,25691338,3250073,779158,9904329,1665775,4616005,5475997,647143,427369,59539,160235
2014:Q4,Next9,31272010,33884542,6618773,966544,6870112,10566678,2981444,5880991,2612532,2068620,258659,285253
2014:Q4,Next40,24370388,30069424,9223446,1996691,2486060,10262935,1245961,4854331,5699037,4413327,1164813,120897
2014:Q4,Bottom50,771721,5341695,2619352,1116933,161068,607445,123075,713822,4569974,2477941,1826529,265504
2015:Q1,Top1,25752166,26415947,3313920,790979,10242163,1706536,4747940,5614408,663781,433381,67054,163346
2015:Q1,Next9,32054930,34639704,6738182,957115,7063155,10699096,3083331,6098825,2584774,2050132,258314,276328
2015:Q1,Next40,24553653,30271970,9390794,2016986,2528560,10309404,1238882,4787345,5718318,4432480,1161469,124369
2015:Q1,Bottom50,822028,5341772,2605298,1120974,163955,605811,126956,718778,4519744,2435468,1820271,264005
2015:Q2,Top1,26064040,26737274,3383072,805033,10296476,1731926,4913310,5607457,673234,441824,68567,162843
2015:Q2,Next9,32344492,34943132,6891443,952568,7084128,10774305,3076657,6164031,2598640,2046733,265550,286357
2015:Q2,Next40,24562864,30369686,9583968,2052450,2521653,10300737,1260852,4650026,5806822,4479152,1196234,131436
2015:Q2,Bottom50,818141,5357029,2616559,1134911,162927,600063,125641,716927,4538887,2420142,1847411,271334
2015:Q3,Top1,25586110,26285349,3429291,798181,9426278,1748980,5052879,5829740,699239,450534,72283,176422
2015:Q3,Next9,32040924,34593665,7003529,959470,6541914,10648149,3058240,6382362,2552741,2048170,272249,232322
2015:Q3,Next40,24387826,30275647,9783049,2080973,2352628,10134395,1281052,4643550,5887821,4526223,1231883,129715
2015:Q3,Bottom50,844768,5383275,2687314,1135719,149059,572929,124594,713660,4538507,2404330,1886714,247463
2015:Q4,Top1,25988752,26705223,3483285,803286,9839190,1780775,5185716,5612971,716470,460183,78647,177640
2015:Q4,Next9,32285631,34854321,7091348,965053,6780991,10842236,3020535,6154158,2568690,2065339,268854,234497
2015:Q4,Next40,25124768,31051730,9965766,2098260,2407956,10220235,1301707,5057806,5926962,4577092,1207658,142212
2015:Q4,Bottom50,955464,5443906,2700671,1140435,153152,587600,122498,739549,4488441,2390233,1845064,253144
2016:Q1,Top1,26508341,27246611,3541153,817034,10027117,1821865,5249693,5789750,738270,467080,85571,185619
2016:Q1,Next9,32757788,35290850,7198522,959488,6882750,10964485,2874473,6411131,2533062,2048125,269400,215537
2016:Q1,Next40,25248484,31212778,10114951,2128762,2423466,10253425,1351757,4940418,5964294,4608076,1209724,146494
2016:Q1,Bottom50,987436,5438397,2680028,1151865,154135,587007,121999,743362,4450961,2359800,1847546,243615
2016:Q2,Top1,27069459,27821224,3637813,839007,10332263,1858333,5333311,5820497,751765,476097,87742,187926
2016:Q2,Next9,33338888,35880211,7399183,945443,7058208,11114611,2844759,6518007,2541322,2043644,275967,221711
2016:Q2,Next40,25394709,31449296,10352772,2159281,2462615,10307820,1394124,4772684,6054587,4662896,1240774,150917
2016:Q2,Bottom50,973520,5441012,2663159,1165652,156781,589034,127866,738520,4467492,2352454,1872338,242700
2016:Q3,Top1,27528200,28293282,3672483,829299,10666985,1895843,5412850,5815822,765082,485990,91493,187599
2016:Q3,Next9,34001007,36572089,7520419,963813,7252090,11316891,2962144,6556732,2571082,2053020,282551,235511
2016:Q3,Next40,25837406,31992241,10570012,2173991,2507238,10401044,1408073,4931883,6154835,4722066,1275538,157231
2016:Q3,Bottom50,1095099,5599751,2794035,1164185,159856,595500,139807,746367,4504652,2347718,1912053,244881
2016:Q4,Top1,27424377,28192526,3744801,818806,10790093,1856103,5394903,5587820,768149,488805,86996,192348
2016:Q4,Next9,34077192,36654998,7618036,985877,7344873,11402328,3006129,6297754,2577806,2083593,284989,209224
2016:Q4,Next40,26438930,32649649,10795604,2185205,2523283,10449720,1428645,5267192,6210719,4746030,1306095,158594
2016:Q4,Bottom50,1129873,5668477,2816600,1172619,158353,609441,147509,763955,4538604,2340393,1958356,239855
2017:Q1,Top1,28314351,29088107,3837231,819092,11457329,1848956,5461081,5664417,773756,491602,87862,194292
2017:Q1,Next9,34989503,37593954,7734469,1003753,7766883,11654059,2985271,6449519,2604451,2121719,279372,203360
2017:Q1,Next40,26950761,33171875,11037022,2205397,2630306,10640337,1440415,5218397,6221114,4765361,1295631,160122
2017:Q1,Bottom50,1162912,5700676,2794345,1190735,164116,635472,143002,773006,4537763,2327646,1967550,242567
2017:Q2,Top1,28786093,29559133,3877874,810008,11820883,1841473,5582520,5626375,773040,495067,83676,194297
2017:Q2,Next9,35670297,38321545,7906268,1021572,8004388,11841295,3120088,6427933,2651248,2163968,280015,207265
2017:Q2,Next40,27255766,33537554,11206840,2213749,2683738,10780628,1447991,5204608,6281789,4792396,1316743,172650
2017:Q2,Bottom50,1273634,5852798,2919365,1197321,165617,651943,146728,771823,4579164,2322542,2002282,254340
2017:Q3,Top1,29268667,30047021,3940431,798563,12234251,1824869,5669932,5578975,778354,498946,82035,197373
2017:Q3,Next9,36397311,39078291,8048988,1041822,8274638,12059275,3231403,6422165,2680981,2205739,280157,195085
2017:Q3,Next40,27732968,34071809,11429835,2216724,2748429,10943560,1456795,5276467,6338842,4826120,1338243,174479
2017:Q3,Bottom50,1340735,5968184,2998893,1201160,167681,672395,150765,777289,4627449,2324402,2048778,254269
2017:Q4,Top1,30120855,30892493,4003425,788143,12934417,1800433,5805599,5560475,771637,502516,77377,191744
2017:Q4,Next9,37283847,40030169,8143627,1070263,8716903,12306518,3377232,6415625,2746322,2243483,282697,220142
2017:Q4,Next40,28440487,34854103,11649115,2228401,2858733,11123625,1460185,5534045,6413616,4857971,1371079,184566
2017:Q4,Bottom50,1381629,6078866,3042939,1212813,173398,701009,153500,795207,4697237,2324822,2099599,272816
2018:Q1,Top1,30463984,31241992,4115192,781379,12900254,1779292,5882618,5783257,778008,504922,77895,195191
2018:Q1,Next9,37742910,40519438,8319587,1088735,8717073,12341549,3338823,6713671,2776528,2284171,276826,215531
2018:Q1,Next40,28724830,35147073,11975608,2255207,2845322,11142064,1489784,5439088,6422243,4870919,1359089,192235
2018:Q1,Bottom50,1425432,6116496,3064977,1228816,169326,701976,150341,801061,4691064,2305938,2106064,279062
2018:Q2,Top1,30771072,31551850,4131573,775414,13103075,1751143,5968594,5822051,780778,508833,73963,197982
2018:Q2,Next9,38401586,41212283,8459420,1113241,8858907,12490907,3520450,6769358,2810697,2332719,276145,201833
2018:Q2,Next40,28963791,35447156,12078263,2279790,2868433,11239312,1494007,5487351,6483365,4901837,1373970,207558
2018:Q2,Bottom50,1554724,6279487,3189269,1247227,168285,718733,159321,796653,4724764,2304454,2134079,286231
2018:Q3,Top1,31413030,32198660,4167663,771099,13701537,1704491,6001750,5852120,785630,513126,71522,200982
2018:Q3,Next9,39105229,41954934,8571317,1137212,9241855,12733232,3447856,6823462,2849705,2378702,277080,193923
2018:Q3,Next40,29417853,35970129,12216921,2291515,2960293,11402656,1537700,5561043,6552276,4940410,1400365,211501
2018:Q3,Bottom50,1607404,6392562,3259741,1261588,172318,751032,158856,789027,4785157,2310897,2185614,288646
2018:Q4,Top1,29613834,30404439,4208457,744018,11649788,1701030,6016007,6085139,790605,516160,66707,207738
2018:Q4,Next9,37773908,40625582,8618094,1161743,8026425,12322783,3477178,7019359,2851674,2414619,278724,158331
2018:Q4,Next40,28968056,35593883,12383008,2334987,2610979,11090671,1561724,5612515,6625827,4966838,1429463,229526
2018:Q4,Bottom50,1545667,6373898,3297941,1271955,142093,698371,163963,799575,4828232,2306298,2232148,289786
2019:Q1,Top1,31800106,32601478,4325109,761891,13700858,1672981,6068622,6072018,801373,518010,68075,215288
2019:Q1,Next9,39909774,42761235,8800182,1169475,9288848,12831879,3582351,7088500,2851461,2438173,272896,140392
2019:Q1,Next40,30219395,36843798,12644751,2349150,2942868,11465086,1566210,5875733,6624404,4983795,1416287,224322
2019:Q1,Bottom50,1625048,6438556,3240466,1296788,164618,752458,168550,815676,4813509,2293668,2237211,282630
2019:Q2,Top1,32424946,33224185,4348755,761801,14189484,1644784,6139696,6139665,799239,521615,64704,212920
2019:Q2,Next9,40888105,43772041,8947804,1189735,9611878,13082967,3794830,7144827,2883936,2466036,273550,144350
2019:Q2,Next40,30640838,37344404,12742975,2375444,3020471,11648477,1562696,5994341,6703566,5024844,1438351,240371
2019:Q2,Bottom50,1706715,6583642,3335088,1318630,166993,773128,178862,810941,4876926,2304374,2275443,297109
2019:Q3,Top1,32356370,33162991,4324496,737963,14104101,1608327,6207924,6180180,806621,525747,63085,217789
2019:Q3,Next9,41270977,44185225,9012393,1230219,9597383,13226176,3934965,7184089,2914249,2507074,273954,133221
2019:Q3,Next40,30798206,37569781,12806704,2395057,3013653,11756142,1569725,6028500,6771575,5066132,1461856,243587
2019:Q3,Bottom50,1836496,6773424,3513955,1328937,162041,781732,185281,801478,4936928,2313898,2325254,297776
2019:Q4,Top1,33829436,34631099,4347477,741036,15251377,1578047,6296471,6416690,801662,528658,60515,212489
2019:Q4,Next9,42577642,45534079,9101186,1250500,10295616,13580053,3846339,7460384,2956437,2532286,278806,145345
2019:Q4,Next40,31610167,38446313,12934172,2399199,3212951,12019472,1615443,6265076,6836146,5090706,1491078,254362
2019:Q4,Bottom50,1959008,6959587,3610252,1339806,176705,816509,181277,835038,5000579,2329312,2361792,309475
2020:Q1,Top1,30734169,31535599,4454658,721184,11698549,1589172,6377894,6694143,801430,530872,65253,205305
2020:Q1,Next9,40087179,43077982,9252107,1250653,8170695,12904434,3895924,7604169,2990803,2559500,274175,157128
2020:Q1,Next40,31036248,37888983,13274571,2443712,2657517,11539831,1623743,6349609,6852734,5107227,1465962,279545
2020:Q1,Bottom50,1855209,6871317,3643025,1343165,131881,717537,181053,854656,5016108,2343761,2342431,329916
2020:Q2,Top1,33893498,34698478,4612951,729081,14404558,1566687,6476241,6908960,804980,533085,66391,205504
2020:Q2,Next9,42836942,45864150,9387177,1262210,9806767,13616758,3923137,7868101,3027207,2609573,269864,147770
2020:Q2,Next40,32804571,39638272,13732587,2420182,3111880,12069452,1652109,6652062,6833700,5116608,1443848,273244
2020:Q2,Bottom50,1965750,6967770,3587060,1349189,166365,786482,182885,895790,5002021,2363119,2317168,321734
2020:Q3,Top1,35654206,36452020,4728080,749079,15887472,1548409,6696476,6842504,797813,538526,66771,192516
2020:Q3,Next9,44209749,47358142,9575788,1304867,10689513,13994832,3892507,7900635,3148392,2671526,271893,204973
2020:Q3,Next40,33826771,40718095,14103784,2505507,3346921,12332142,1708507,6721233,6891324,5162325,1459140,269859
2020:Q3,Bottom50,2062338,7156627,3640021,1418322,185318,820161,178514,914290,5094289,2408090,2344879,341320
2020:Q4,Top1,39169913,39952249,4859207,764051,18607150,1533030,6909701,7279110,782336,543950,64142,174244
2020:Q4,Next9,47185939,50463037,9840457,1333262,12305470,14611298,4063668,8308882,3277098,2724729,275127,277242
2020:Q4,Next40,35412827,42382312,14539771,2532474,3776223,12779325,1733565,7020955,6969486,5207886,1478739,282861
2020:Q4,Bottom50,2273030,7460163,3749684,1451229,220130,876243,184259,978618,5187133,2443168,2366919,377046
2021:Q1,Top1,41338744,42117092,5043488,791838,20226372,1498935,7179378,7377081,778349,549980,64472,163897
2021:Q1,Next9,48769673,52184982,10206851,1362867,13270885,14846884,4017779,8479717,3415309,2800623,272872,341814
2021:Q1,Next40,36663520,43663028,15085246,2604227,4034392,12943964,1800730,7194469,6999508,5240968,1468880,289660
2021:Q1,Bottom50,2472299,7690450,3843443,1508144,240819,909893,177091,1011060,5218151,2449474,2360994,407683
2021:Q2,Top1,43445082,44226801,5118043,840914,21878987,1462666,7670157,7256034,781718,558433,62446,160839
2021:Q2,Next9,50640954,54132553,10747361,1430475,14247440,15279874,4067549,8359853,3491599,2855830,279722,356047
2021:Q2,Next40,37650310,44780108,15434653,2777462,4291519,13244876,1901188,7130410,7129798,5328400,1507708,293690
2021:Q2,Bottom50,2960302,8306519,4249647,1640065,262047,955878,171302,1027581,5346217,2521120,2409725,415372
2021:Q3,Top1,44147898,44940706,5139633,865421,21828066,1457096,8231931,7418559,792808,567109,63706,161993
2021:Q3,Next9,51444339,54977621,11265880,1477201,14221403,15327792,4202677,8482668,3533282,2909356,284701,339225
2021:Q3,Next40,38137802,45397997,15675903,2904672,4286326,13278174,1991371,7261550,7260194,5421081,1536087,303026
2021:Q3,Bottom50,3421100,8888365,4730745,1726895,261335,958549,166201,1044640,5467265,2599751,2453572,413942
2021:Q4,Top1,45862338,46650789,5268391,902115,22949577,1359005,8571429,7600272,788452,576322,62051,150079
2021:Q4,Next9,53337532,56929747,11691531,1539343,14885637,15803619,4347534,8662082,3592215,2960132,292108,339975
2021:Q4,Next40,39254556,46693103,16152066,3022036,4461946,13571227,2039321,7446508,7438547,5522076,1576638,339833
2021:Q4,Bottom50,3731118,9351615,4993494,1824193,275722,1018021,166786,1073399,5620497,2683983,2503581,432933
